,date,V13 Dec13 - price,V14 Dec14 - price,V14 Dec14 - volume,V15 Dec15 - price,V15 Dec15 - volume,V16 Dec16 - price,V16 Dec16 - volume,V17 Dec17 - price,V17 Dec17 - volume,V18 Dec18 - price,V18 Dec18 - volume
0,8/29/11,,,,,,,,,,,
1,8/30/11,,,,,,,,,,,
2,8/31/11,,,,,,,,,,,
3,9/1/11,,,,,,,,,,,
4,9/2/11,21.3,,,,,,,,,,
5,9/5/11,22.1,,,,,,,,,,
6,9/6/11,22.4,,,,,,,,,,
7,9/7/11,22.85,,,,,,,,,,
8,9/8/11,22.65,,,,,,,,,,
9,9/9/11,22.45,,,,,,,,,,
10,9/12/11,21.55,,,,,,,,,,
11,9/13/11,20.55,,,,,,,,,,
12,9/14/11,19.45,,,,,,,,,,
13,9/15/11,18.8,,,,,,,,,,
14,9/16/11,18.15,,,,,,,,,,
15,9/19/11,18.2,,,,,,,,,,
16,9/20/11,18.25,,,,,,,,,,
17,9/21/11,18.3,,,,,,,,,,
18,9/22/11,18.4,,,,,,,,,,
19,9/23/11,18.5,,,,,,,,,,
20,9/26/11,18.6,,,,,,,,,,
21,9/27/11,18.55,,,,,,,,,,
22,9/28/11,18.53,,,,,,,,,,
23,9/29/11,18.53,,,,,,,,,,
24,9/30/11,18.53,,,,,,,,,,
25,10/3/11,18.630000000000003,,,,,,,,,,
26,10/4/11,18.880000000000003,,,,,,,,,,
27,10/5/11,18.85,,,,,,,,,,
28,10/6/11,18.75,,,,,,,,,,
29,10/7/11,18.65,,,,,,,,,,
30,10/10/11,18.45,,,,,,,,,,
31,10/11/11,18.25,,,,,,,,,,
32,10/12/11,18.3,,,,,,,,,,
33,10/13/11,18.55,,,,,,,,,,
34,10/14/11,18.85,,,,,,,,,,
35,10/17/11,19.15,,,,,,,,,,
36,10/18/11,19.35,,,,,,,,,,
37,10/19/11,19.5,,,,,,,,,,
38,10/20/11,19.35,,,,,,,,,,
39,10/21/11,19.15,,,,,,,,,,
40,10/24/11,18.919999999999998,,,,,,,,,,
41,10/25/11,18.79,,,,,,,,,,
42,10/26/11,18.589999999999996,,,,,,,,,,
43,10/27/11,18.49,,,,,,,,,,
44,10/28/11,18.389999999999997,,,,,,,,,,
45,10/31/11,18.32,,,,,,,,,,
46,11/1/11,18.25,,,,,,,,,,
47,11/2/11,18.2,,,,,,,,,,
48,11/3/11,17.91,,,,,,,,,,
49,11/4/11,17.619999999999997,,,,,,,,,,
50,11/7/11,17.33,,,,,,,,,,
51,11/8/11,17.029999999999998,,,,,,,,,,
52,11/9/11,16.869999999999997,,,,,,,,,,
53,11/10/11,17.0,,,,,,,,,,
54,11/11/11,17.130000000000003,,,,,,,,,,
55,11/14/11,17.29,,,,,,,,,,
56,11/15/11,17.46,,,,,,,,,,
57,11/16/11,17.520000000000003,,,,,,,,,,
58,11/17/11,17.380000000000003,,,,,,,,,,
59,11/18/11,17.14,,,,,,,,,,
60,11/21/11,16.810000000000002,,,,,,,,,,
61,11/22/11,16.490000000000002,,,,,,,,,,
62,11/23/11,16.190000000000005,,,,,,,,,,
63,11/24/11,16.040000000000003,,,,,,,,,,
64,11/25/11,15.990000000000004,,,,,,,,,,
65,11/28/11,15.920000000000002,,,,,,,,,,
66,11/29/11,15.88,,,,,,,,,,
67,11/30/11,15.930000000000001,,,,,,,,,,
68,12/1/11,15.98,,,,,,,,,,
69,12/2/11,16.03,,,,,,,,,,
70,12/5/11,16.090000000000003,,,,,,,,,,
71,12/6/11,16.050000000000004,,,,,,,,,,
72,12/7/11,15.920000000000002,,,,,,,,,,
73,12/8/11,15.810000000000002,,,,,,,,,,
74,12/9/11,15.700000000000003,,,,,,,,,,
75,12/12/11,15.660000000000002,,,,,,,,,,
76,12/13/11,15.680000000000003,,,,,,,,,,
77,12/14/11,15.700000000000006,,,,,,,,,,
78,12/15/11,15.660000000000005,,,,,,,,,,
79,12/16/11,15.620000000000005,,,,,,,,,,
80,12/19/11,15.580000000000004,,,,,,,,,,
81,12/20/11,15.540000000000003,,,,,,,,,,
82,12/21/11,15.500000000000004,,,,,,,,,,
83,12/22/11,15.600000000000003,,,,,,,,,,
84,12/23/11,15.700000000000003,,,,,,,,,,
85,12/27/11,15.800000000000002,,,,,,,,,,
86,12/28/11,16.000000000000004,,,,,,,,,,
87,12/29/11,16.130000000000003,,,,,,,,,,
88,12/30/11,16.03,,,,,,,,,,
89,1/3/12,15.910000000000002,,,,,,,,,,
90,1/4/12,15.790000000000003,,,,,,,,,,
91,1/5/12,15.550000000000002,,,,,,,,,,
92,1/6/12,15.070000000000004,,,,,,,,,,
93,1/9/12,14.720000000000004,,,,,,,,,,
94,1/10/12,14.460000000000003,,,,,,,,,,
95,1/11/12,14.2,,,,,,,,,,
96,1/12/12,13.959999999999999,,,,,,,,,,
97,1/13/12,13.969999999999999,,,,,,,,,,
98,1/16/12,13.979999999999999,,,,,,,,,,
99,1/17/12,13.919999999999998,,,,,,,,,,
100,1/18/12,13.85,,,,,,,,,,
101,1/19/12,13.780000000000001,,,,,,,,,,
102,1/20/12,13.770000000000001,,,,,,,,,,
103,1/23/12,13.760000000000002,,,,,,,,,,
104,1/24/12,13.750000000000004,,,,,,,,,,
105,1/25/12,13.600000000000003,,,,,,,,,,
106,1/26/12,13.450000000000003,,,,,,,,,,
107,1/27/12,13.300000000000002,,,,,,,,,,
108,1/30/12,13.250000000000004,,,,,,,,,,
109,1/31/12,13.270000000000001,,,,,,,,,,
110,2/1/12,13.49,,,,,,,,,,
111,2/2/12,13.9,,,,,,,,,,
112,2/3/12,14.45,,,,,,,,,,
113,2/6/12,14.9,,,,,,,,,,
114,2/7/12,15.280000000000001,,,,,,,,,,
115,2/8/12,15.610000000000003,,,,,,,,,,
116,2/9/12,15.600000000000003,,,,,,,,,,
117,2/10/12,15.390000000000004,,,,,,,,,,
118,2/13/12,15.020000000000005,,,,,,,,,,
119,2/14/12,14.680000000000003,,,,,,,,,,
120,2/15/12,14.340000000000003,,,,,,,,,,
121,2/16/12,14.190000000000003,,,,,,,,,,
122,2/17/12,14.100000000000003,,,,,,,,,,
123,2/20/12,14.170000000000002,,,,,,,,,,
124,2/21/12,14.260000000000002,,,,,,,,,,
125,2/22/12,14.330000000000004,,,,,,,,,,
126,2/23/12,14.360000000000005,,,,,,,,,,
127,2/24/12,14.390000000000006,,,,,,,,,,
128,2/27/12,14.370000000000008,,,,,,,,,,
129,2/28/12,14.300000000000008,,,,,,,,,,
130,2/29/12,14.200000000000008,,,,,,,,,,
131,3/1/12,14.040000000000006,,,,,,,,,,
132,3/2/12,13.900000000000006,,,,,,,,,,
133,3/5/12,13.810000000000006,,,,,,,,,,
134,3/6/12,13.720000000000004,,,,,,,,,,
135,3/7/12,13.740000000000004,,,,,,,,,,
136,3/8/12,13.870000000000005,,,,,,,,,,
137,3/9/12,13.980000000000004,,,,,,,,,,
138,3/12/12,14.090000000000003,,,,,,,,,,
139,3/13/12,14.250000000000004,,,,,,,,,,
140,3/14/12,14.350000000000003,,,,,,,,,,
141,3/15/12,14.400000000000002,,,,,,,,,,
142,3/16/12,14.510000000000002,,,,,,,,,,
143,3/19/12,14.620000000000001,,,,,,,,,,
144,3/20/12,14.680000000000001,,,,,,,,,,
145,3/21/12,14.74,,,,,,,,,,
146,3/22/12,14.8,,,,,,,,,,
147,3/23/12,14.8,,,,,,,,,,
148,3/26/12,14.84,,,,,,,,,,
149,3/27/12,14.860000000000003,,,,,,,,,,
150,3/28/12,14.800000000000002,,,,,,,,,,
151,3/29/12,14.740000000000004,,,,,,,,,,
152,3/30/12,14.570000000000004,,,,,,,,,,
153,4/2/12,14.360000000000005,,,,,,,,,,
154,4/3/12,14.170000000000005,,,,,,,,,,
155,4/4/12,14.060000000000006,,,,,,,,,,
156,4/5/12,13.940000000000007,,,,,,,,,,
157,4/9/12,13.930000000000007,,,,,,,,,,
158,4/10/12,13.920000000000007,,,,,,,,,,
159,4/11/12,13.910000000000007,,,,,,,,,,
160,4/12/12,13.870000000000008,,,,,,,,,,
161,4/13/12,13.850000000000005,,,,,,,,,,
162,4/16/12,13.870000000000005,,,,,,,,,,
163,4/17/12,14.050000000000002,,,,,,,,,,
164,4/18/12,14.23,,,,,,,,,,
165,4/19/12,14.530000000000001,,,,,,,,,,
166,4/20/12,15.010000000000002,,,,,,,,,,
167,4/23/12,15.300000000000002,,,,,,,,,,
168,4/24/12,15.510000000000002,,,,,,,,,,
169,4/25/12,15.740000000000004,,,,,,,,,,
170,4/26/12,15.880000000000004,,,,,,,,,,
171,4/27/12,15.830000000000004,,,,,,,,,,
172,4/30/12,15.930000000000003,,,,,,,,,,
173,5/1/12,15.950000000000006,,,,,,,,,,
174,5/2/12,15.860000000000005,,,,,,,,,,
175,5/3/12,15.770000000000005,,,,,,,,,,
176,5/4/12,15.570000000000004,,,,,,,,,,
177,5/7/12,15.380000000000004,,,,,,,,,,
178,5/8/12,15.190000000000003,,,,,,,,,,
179,5/9/12,15.130000000000004,,,,,,,,,,
180,5/10/12,15.090000000000003,,,,,,,,,,
181,5/11/12,15.160000000000002,,,,,,,,,,
182,5/14/12,15.220000000000002,,,,,,,,,,
183,5/15/12,15.320000000000002,,,,,,,,,,
184,5/16/12,15.34,,,,,,,,,,
185,5/17/12,15.35,,,,,,,,,,
186,5/18/12,15.36,,,,,,,,,,
187,5/21/12,15.37,,,,,,,,,,
188,5/22/12,15.339999999999998,,,,,,,,,,
189,5/23/12,15.329999999999998,,,,,,,,,,
190,5/24/12,15.309999999999999,,,,,,,,,,
191,5/25/12,15.270000000000001,,,,,,,,,,
192,5/28/12,15.230000000000004,,,,,,,,,,
193,5/29/12,15.220000000000004,,,,,,,,,,
194,5/30/12,15.230000000000004,,,,,,,,,,
195,5/31/12,15.280000000000005,,,,,,,,,,
196,6/1/12,15.320000000000002,,,,,,,,,,
197,6/4/12,15.36,,,,,,,,,,
198,6/5/12,15.37,,,,,,,,,,
199,6/6/12,15.379999999999999,,,,,,,,,,
200,6/7/12,15.379999999999999,,,,,,,,,,
201,6/8/12,15.55,,,,,,,,,,
202,6/11/12,15.660000000000002,,,,,,,,,,
203,6/12/12,15.710000000000003,,,,,,,,,,
204,6/13/12,15.760000000000002,,,,,,,,,,
205,6/14/12,15.780000000000001,,,,,,,,,,
206,6/15/12,15.74,,,,,,,,,,
207,6/18/12,15.76,,,,,,,,,,
208,6/19/12,15.9,,,,,,,,,,
209,6/20/12,16.130000000000003,,,,,,,,,,
210,6/21/12,16.360000000000003,,,,,,,,,,
211,6/22/12,16.590000000000003,,,,,,,,,,
212,6/25/12,16.820000000000004,,,,,,,,,,
213,6/26/12,17.030000000000005,,,,,,,,,,
214,6/27/12,17.150000000000006,,,,,,,,,,
215,6/28/12,17.450000000000006,,,,,,,,,,
216,6/29/12,17.690000000000005,,,,,,,,,,
217,7/2/12,17.93,,,,,,,,,,
218,7/3/12,18.130000000000003,,,,,,,,,,
219,7/4/12,18.330000000000002,,,,,,,,,,
220,7/5/12,18.39,,,,,,,,,,
221,7/6/12,18.43,,,,,,,,,,
222,7/9/12,18.51,,,,,,,,,,
223,7/10/12,18.590000000000003,,,,,,,,,,
224,7/11/12,18.720000000000006,,,,,,,,,,
225,7/12/12,18.820000000000004,,,,,,,,,,
226,7/13/12,18.930000000000003,,,,,,,,,,
227,7/16/12,19.000000000000007,,,,,,,,,,
228,7/17/12,19.090000000000007,,,,,,,,,,
229,7/18/12,19.140000000000008,,,,,,,,,,
230,7/19/12,19.180000000000007,,,,,,,,,,
231,7/20/12,19.24000000000001,,,,,,,,,,
232,7/23/12,19.360000000000007,,,,,,,,,,
233,7/24/12,19.540000000000006,,,,,,,,,,
234,7/25/12,19.650000000000006,,,,,,,,,,
235,7/26/12,19.760000000000005,,,,,,,,,,
236,7/27/12,19.810000000000002,,,,,,,,,,
237,7/30/12,19.76,,,,,,,,,,
238,7/31/12,19.35,,,,,,,,,,
239,8/1/12,19.19,,,,,,,,,,
240,8/2/12,19.000000000000004,,,,,,,,,,
241,8/3/12,18.820000000000004,,,,,,,,,,
242,8/6/12,18.680000000000003,,,,,,,,,,
243,8/7/12,18.670000000000005,,,,,,,,,,
244,8/8/12,18.490000000000002,,,,,,,,,,
245,8/9/12,18.290000000000003,,,,,,,,,,
246,8/10/12,18.110000000000003,,,,,,,,,,
247,8/13/12,17.93,,,,,,,,,,
248,8/14/12,17.830000000000002,,,,,,,,,,
249,8/15/12,17.68,,,,,,,,,,
250,8/16/12,17.580000000000002,,,,,,,,,,
251,8/17/12,17.310000000000002,,,,,,,,,,
252,8/20/12,17.090000000000003,,,,,,,,,,
253,8/21/12,17.070000000000004,,,,,,,,,,
254,8/22/12,17.020000000000003,,,,,,,,,,
255,8/23/12,16.900000000000006,,,,,,,,,,
256,8/24/12,16.900000000000006,,,,,,,,,,
257,8/27/12,16.900000000000006,,,,,,,,,,
258,8/28/12,16.770000000000003,,,,,,,,,,
259,8/29/12,16.620000000000005,,,,,,,,,,
260,8/30/12,16.530000000000005,,,,,,,,,,
261,8/31/12,16.480000000000004,,,,,,,,,,
262,9/3/12,16.380000000000003,,,,,,,,,,
263,9/4/12,16.330000000000005,,,,,,,,,,
264,9/5/12,16.360000000000003,,,,,,,,,,
265,9/6/12,16.400000000000002,,,,,,,,,,
266,9/7/12,16.450000000000003,,,,,,,,,,
267,9/10/12,16.450000000000003,,,,,,,,,,
268,9/11/12,16.32,,,,,,,,,,
269,9/12/12,16.220000000000002,,,,,,,,,,
270,9/13/12,16.050000000000004,,,,,,,,,,
271,9/14/12,15.880000000000004,,,,,,,,,,
272,9/17/12,15.830000000000004,,,,,,,,,,
273,9/18/12,15.870000000000005,,,,,,,,,,
274,9/19/12,15.880000000000004,,,,,,,,,,
275,9/20/12,15.900000000000002,,,,,,,,,,
276,9/21/12,15.910000000000002,,,,,,,,,,
277,9/24/12,15.860000000000003,,,,,,,,,,
278,9/25/12,15.780000000000005,,,,,,,,,,
279,9/26/12,15.660000000000005,,,,,,,,,,
280,9/27/12,15.550000000000006,,,,,,,,,,
281,9/28/12,15.450000000000006,,,,,,,,,,
282,10/1/12,15.340000000000007,,,,,,,,,,
283,10/2/12,15.250000000000005,,,,,,,,,,
284,10/3/12,15.160000000000005,,,,,,,,,,
285,10/4/12,15.070000000000004,,,,,,,,,,
286,10/5/12,14.940000000000003,,,,,,,,,,
287,10/8/12,14.820000000000002,,,,,,,,,,
288,10/9/12,14.7,,,,,,,,,,
289,10/10/12,14.62,,,,,,,,,,
290,10/11/12,14.55,,,,,,,,,,
291,10/12/12,14.520000000000001,,,,,,,,,,
292,10/15/12,14.440000000000003,,,,,,,,,,
293,10/16/12,14.360000000000005,,,,,,,,,,
294,10/17/12,14.270000000000007,,,,,,,,,,
295,10/18/12,14.120000000000008,,,,,,,,,,
296,10/19/12,13.900000000000006,,,,,,,,,,
297,10/22/12,13.610000000000005,,,,,,,,,,
298,10/23/12,13.330000000000004,,,,,,,,,,
299,10/24/12,13.020000000000001,,,,,,,,,,
300,10/25/12,12.760000000000002,,,,,,,,,,
301,10/26/12,12.550000000000002,,,,,,,,,,
302,10/29/12,12.460000000000003,,,,,,,,,,
303,10/30/12,12.360000000000003,,,,,,,,,,
304,10/31/12,12.3,,,,,,,,,,
305,11/1/12,12.41,,,,,,,,,,
306,11/2/12,12.440000000000001,,,,,,,,,,
307,11/5/12,12.430000000000001,,,,,,,,,,
308,11/6/12,12.440000000000001,,,,,,,,,,
309,11/7/12,12.45,,,,,,,,,,
310,11/8/12,12.32,,,,,,,,,,
311,11/9/12,12.29,,,,,,,,,,
312,11/12/12,12.329999999999998,,,,,,,,,,
313,11/13/12,12.319999999999997,,,,,,,,,,
314,11/14/12,12.259999999999998,,,,,,,,,,
315,11/15/12,12.219999999999999,,,,,,,,,,
316,11/16/12,12.179999999999998,,,,,,,,,,
317,11/19/12,12.02,,,,,,,,,,
318,11/20/12,11.9,,,,,,,,,,
319,11/21/12,11.8,,,,,,,,,,
320,11/22/12,11.7,,,,,,,,,,
321,11/23/12,11.6,,,,,,,,,,
322,11/26/12,11.600000000000001,,,,,,,,,,
323,11/27/12,11.580000000000002,,,,,,,,,,
324,11/28/12,11.59,,,,,,,,,,
325,11/29/12,11.6,,,,,,,,,,
326,11/30/12,11.690000000000001,,,,,,,,,,
327,12/3/12,11.990000000000002,,,,,,,,,,
328,12/4/12,12.250000000000002,,,,,,,,,,
329,12/5/12,12.53,,,,,,,,,,
330,12/6/12,12.760000000000002,,,,,,,,,,
331,12/7/12,12.960000000000003,,,,,,,,,,
332,12/10/12,12.930000000000001,,,,,,,,,,
333,12/11/12,12.99,,,,,,,,,,
334,12/12/12,13.080000000000002,,,,,,,,,,
335,12/13/12,13.25,,,,,,,,,,
336,12/14/12,13.459999999999999,,,,,,,,,,
337,12/17/12,13.74,,,,,,,,,,
338,12/18/12,14.02,,,,,,,,,,
339,12/19/12,14.329999999999998,,,,,,,,,,
340,12/20/12,14.59,,,,,,,,,,
341,12/21/12,14.74,,,,,,,,,,
342,12/24/12,14.819999999999999,,,,,,,,,,
343,12/26/12,14.86,,,,,,,,,,
344,12/27/12,14.809999999999999,,,,,,,,,,
345,12/28/12,14.649999999999997,,,,,,,,,,
346,12/31/12,14.639999999999997,,,,,,,,,,
347,1/2/13,14.919999999999998,,,,,,,,,,
348,1/3/13,15.129999999999999,,,,,,,,,,
349,1/4/13,15.37,,,,,,,,,,
350,1/7/13,15.8,,,,,,,,,,
351,1/8/13,16.130000000000003,,,,,,,,,,
352,1/9/13,16.009999999999998,,,,,,,,,,
353,1/10/13,15.830000000000002,,,,,,,,,,
354,1/11/13,15.520000000000001,,,,,,,,,,
355,1/14/13,15.09,,,,,,,,,,
356,1/15/13,14.610000000000003,,,,,,,,,,
357,1/16/13,14.340000000000003,,,,,,,,,,
358,1/17/13,14.220000000000002,,,,,,,,,,
359,1/18/13,14.170000000000002,,,,,,,,,,
360,1/21/13,14.180000000000003,,,,,,,,,,
361,1/22/13,14.170000000000005,,,,,,,,,,
362,1/23/13,14.130000000000004,,,,,,,,,,
363,1/24/13,14.070000000000004,,,,,,,,,,
364,1/25/13,14.160000000000002,,,,,,,,,,
365,1/28/13,14.180000000000001,,,,,,,,,,
366,1/29/13,14.23,,,,,,,,,,
367,1/30/13,14.250000000000004,,,,,,,,,,
368,1/31/13,14.320000000000004,,,,,,,,,,
369,2/1/13,14.300000000000006,,,,,,,,,,
370,2/4/13,14.400000000000006,,,,,,,,,,
371,2/5/13,14.450000000000006,,,,,,,,,,
372,2/6/13,14.450000000000006,,,,,,,,,,
373,2/7/13,14.410000000000005,,,,,,,,,,
374,2/8/13,14.370000000000005,,,,,,,,,,
375,2/11/13,14.300000000000006,,,,,,,,,,
376,2/12/13,14.260000000000005,,,,,,,,,,
377,2/13/13,14.250000000000004,,,,,,,,,,
378,2/14/13,14.210000000000003,,,,,,,,,,
379,2/15/13,14.150000000000002,,,,,,,,,,
380,2/18/13,14.070000000000002,,,,,,,,,,
381,2/19/13,13.910000000000002,,,,,,,,,,
382,2/20/13,13.810000000000002,,,,,,,,,,
383,2/21/13,13.830000000000002,,,,,,,,,,
384,2/22/13,14.010000000000002,,,,,,,,,,
385,2/25/13,14.240000000000004,,,,,,,,,,
386,2/26/13,14.520000000000001,,,,,,,,,,
387,2/27/13,14.730000000000004,,,,,,,,,,
388,2/28/13,14.870000000000005,,,,,,,,,,
389,3/1/13,14.890000000000004,,,,,,,,,,
390,3/4/13,14.860000000000003,,,,,,,,,,
391,3/5/13,14.860000000000003,,,,,,,,,,
392,3/6/13,14.85,,,,,,,,,,
393,3/7/13,14.790000000000001,,,,,,,,,,
394,3/8/13,14.7,,,,,,,,,,
395,3/11/13,14.61,,,,,,,,,,
396,3/12/13,14.49,,,,,,,,,,
397,3/13/13,14.410000000000002,,,,,,,,,,
398,3/14/13,14.340000000000003,,,,,,,,,,
399,3/15/13,14.300000000000002,,,,,,,,,,
400,3/18/13,14.250000000000004,,,,,,,,,,
401,3/19/13,14.280000000000005,,,,,,,,,,
402,3/20/13,14.330000000000004,,,,,,,,,,
403,3/21/13,14.410000000000002,,,,,,,,,,
404,3/22/13,14.380000000000004,,,,,,,,,,
405,3/25/13,14.370000000000005,,,,,,,,,,
406,3/26/13,14.330000000000004,,,,,,,,,,
407,3/27/13,14.280000000000005,,,,,,,,,,
408,3/28/13,14.220000000000004,,,,,,,,,,
409,4/1/13,14.220000000000004,,,,,,,,,,
410,4/2/13,14.200000000000006,,,,,,,,,,
411,4/3/13,14.190000000000007,,,,,,,,,,
412,4/4/13,14.190000000000007,,,,,,,,,,
413,4/5/13,14.180000000000007,,,,,,,,,,
414,4/8/13,14.180000000000007,,,,,,,,,,
415,4/9/13,14.220000000000004,,,,,,,,,,
416,4/10/13,14.270000000000005,,,,,,,,,,
417,4/11/13,14.350000000000003,,,,,,,,,,
418,4/12/13,14.490000000000004,,,,,,,,,,
419,4/15/13,14.660000000000002,,,,,,,,,,
420,4/16/13,14.770000000000005,,,,,,,,,,
421,4/17/13,14.820000000000004,,,,,,,,,,
422,4/18/13,14.810000000000006,,,,,,,,,,
423,4/19/13,14.780000000000005,,,,,,,,,,
424,4/22/13,14.740000000000004,,,,,,,,,,
425,4/23/13,14.720000000000002,,,,,,,,,,
426,4/24/13,14.770000000000001,,,,,,,,,,
427,4/25/13,14.770000000000001,,,,,,,,,,
428,4/26/13,14.750000000000004,,,,,,,,,,
429,4/29/13,14.720000000000004,,,,,,,,,,
430,4/30/13,14.680000000000003,,,,,,,,,,
431,5/1/13,14.580000000000004,,,,,,,,,,
432,5/2/13,14.550000000000006,,,,,,,,,,
433,5/3/13,14.500000000000005,,,,,,,,,,
434,5/6/13,14.470000000000004,,,,,,,,,,
435,5/7/13,14.490000000000006,,,,,,,,,,
436,5/8/13,14.510000000000005,,,,,,,,,,
437,5/9/13,14.510000000000005,,,,,,,,,,
438,5/10/13,14.524000000000004,,,,,,,,,,
439,5/13/13,14.514000000000005,,,,,,,,,,
440,5/14/13,14.494000000000003,,,,,,,,,,
441,5/15/13,14.514000000000001,,,,,,,,,,
442,5/16/13,14.594,,,,,,,,,,
443,5/17/13,14.709999999999999,,,,,,,,,,
444,5/20/13,14.779999999999998,,,,,,,,,,
445,5/21/13,14.76,,,,,,,,,,
446,5/22/13,14.720000000000002,,,,,,,,,,
447,5/23/13,14.660000000000002,,,,,,,,,,
448,5/24/13,14.560000000000002,,,,,,,,,,
449,5/27/13,14.500000000000004,,,,,,,,,,
450,5/28/13,14.528000000000002,,,,,,,,,,
451,5/29/13,14.568000000000001,,,,,,,,,,
452,5/30/13,14.558000000000002,,,,,,,,,,
453,5/31/13,14.568000000000001,,,,,,,,,,
454,6/3/13,14.578,,,,,,,,,,
455,6/4/13,14.569999999999999,,,,,,,,,,
456,6/5/13,14.55,,,,,,,,,,
457,6/6/13,14.559999999999999,,,,,,,,,,
458,6/7/13,14.580000000000002,,,,,,,,,,
459,6/10/13,14.580000000000002,,,,,,,,,,
460,6/11/13,14.570000000000002,,,,,,,,,,
461,6/12/13,14.594000000000003,,,,,,,,,,
462,6/13/13,14.618000000000004,,,,,,,,,,
463,6/14/13,14.598000000000003,,,,,,,,,,
464,6/17/13,14.618000000000004,,,,,,,,,,
465,6/18/13,14.628000000000004,,,,,,,,,,
466,6/19/13,14.624,,,,,,,,,,
467,6/20/13,14.63,,,,,,,,,,
468,6/21/13,14.63,,,,,,,,,,
469,6/24/13,14.59,,,,,,,,,,
470,6/25/13,14.570000000000002,,,,,,,,,,
471,6/26/13,14.570000000000002,,,,,,,,,,
472,6/27/13,14.540000000000001,,,,,,,,,,
473,6/28/13,14.540000000000001,,,,,,,,,,
474,7/1/13,14.559999999999999,,,,,,,,,,
475,7/2/13,14.559999999999999,,,,,,,,,,
476,7/3/13,14.540000000000001,,,,,,,,,,
477,7/4/13,14.540000000000001,,,,,,,,,,
478,7/5/13,14.520000000000001,,,,,,,,,,
479,7/8/13,14.492,,,,,,,,,,
480,7/9/13,14.462,,,,,,,,,,
481,7/10/13,14.431999999999999,,,,,,,,,,
482,7/11/13,14.392,,,,,,,,,,
483,7/12/13,14.341999999999999,,,,,,,,,,
484,7/15/13,14.309999999999997,,,,,,,,,,
485,7/16/13,14.309999999999997,,,,,,,,,,
486,7/17/13,14.289999999999997,,,,,,,,,,
487,7/18/13,14.279999999999998,,,,,,,,,,
488,7/19/13,14.229999999999999,,,,,,,,,,
489,7/22/13,14.12,,,,,,,,,,
490,7/23/13,13.98,,,,,,,,,,
491,7/24/13,13.834,,,,,,,,,,
492,7/25/13,13.744,,,,,,,,,,
493,7/26/13,13.724,,,,,,,,,,
494,7/29/13,13.714000000000002,,,,,,,,,,
495,7/30/13,13.724,,,,,,,,,,
496,7/31/13,13.770000000000001,,,,,,,,,,
497,8/1/13,13.770000000000001,,,,,,,,,,
498,8/2/13,13.74,,,,,,,,,,
499,8/5/13,13.74,,,,,,,,,,
500,8/6/13,13.76,,,,,,,,,,
501,8/7/13,13.774000000000001,,,,,,,,,,
502,8/8/13,13.754000000000001,,,,,,,,,,
503,8/9/13,13.744000000000003,,,,,,,,,,
504,8/12/13,13.748000000000001,,,,,,,,,,
505,8/13/13,13.708000000000002,,,,,,,,,,
506,8/14/13,13.634000000000004,,,,,,,,,,
507,8/15/13,13.594000000000003,,,,,,,,,,
508,8/16/13,13.544000000000002,,,,,,,,,,
509,8/19/13,13.490000000000004,,,,,,,,,,
510,8/20/13,13.440000000000003,,,,,,,,,,
511,8/21/13,13.240000000000004,,,,,,,,,,
512,8/22/13,13.010000000000002,,,,,,,,,,
513,8/23/13,12.800000000000002,,,,,,,,,,
514,8/26/13,12.540000000000003,,,,,,,,,,
515,8/27/13,12.330000000000002,,,,,,,,,,
516,8/28/13,12.314000000000002,,,,,,,,,,
517,8/29/13,12.384000000000002,,,,,,,,,,
518,8/30/13,12.494000000000002,,,,,,,,,,
519,9/2/13,12.654,,,,,,,,,,
520,9/3/13,12.784,,,,,,,,,,
521,9/4/13,12.9,,,,,,,,,,
522,9/5/13,12.91,,,,,,,,,,
523,9/6/13,12.87,,,,,,,,,,
524,9/9/13,12.829999999999998,,,,,,,,,,
525,9/10/13,12.719999999999999,,,,,,,,,,
526,9/11/13,12.599999999999998,,,,,,,,,,
527,9/12/13,12.509999999999996,,,,,,,,,,
528,9/13/13,12.399999999999997,,,,,,,,,,
529,9/16/13,12.289999999999997,,,,,,,,,,
530,9/17/13,12.229999999999997,,,,,,,,,,
531,9/18/13,12.189999999999996,,,,,,,,,,
532,9/19/13,12.143999999999997,,,,,,,,,,
533,9/20/13,12.087999999999997,,,,,,,,,,
534,9/23/13,11.997999999999996,,,,,,,,,,
535,9/24/13,11.941999999999995,,,,,,,,,,
536,9/25/13,11.901999999999994,,,,,,,,,,
537,9/26/13,11.901999999999994,,,,,,,,,,
538,9/27/13,11.937999999999994,,,,,,,,,,
539,9/30/13,12.023999999999996,,,,,,,,,,
540,10/1/13,12.079999999999995,,,,,,,,,,
541,10/2/13,12.119999999999994,,,,,,,,,,
542,10/3/13,12.121999999999993,,,,,,,,,,
543,10/4/13,12.113999999999992,,,,,,,,,,
544,10/7/13,12.087999999999992,,,,,,,,,,
545,10/8/13,12.083999999999993,,,,,,,,,,
546,10/9/13,12.053999999999991,,,,,,,,,,
547,10/10/13,12.017999999999992,,,,,,,,,,
548,10/11/13,12.005999999999991,,,,,,,,,,
549,10/14/13,12.025999999999993,,,,,,,,,,
550,10/15/13,12.039999999999996,,,,,,,,,,
551,10/16/13,12.049999999999994,,,,,,,,,,
552,10/17/13,12.083999999999993,,,,,,,,,,
553,10/18/13,12.091999999999993,,,,,,,,,,
554,10/21/13,12.063999999999995,,,,,,,,,,
555,10/22/13,12.033999999999994,,,,,,,,,,
556,10/23/13,12.013999999999992,,,,,,,,,,
557,10/24/13,11.975999999999992,,,,,,,,,,
558,10/25/13,11.949999999999992,,,,,,,,,,
559,10/28/13,11.949999999999992,,,,,,,,,,
560,10/29/13,11.949999999999994,,,,,,,,,,
561,10/30/13,11.959999999999994,,,,,,,,,,
562,10/31/13,12.003999999999992,,,,,,,,,,
563,11/1/13,12.045999999999992,,,,,,,,,,
564,11/4/13,12.063999999999991,,,,,,,,,,
565,11/5/13,12.063999999999993,,,,,,,,,,
566,11/6/13,12.063999999999993,,,,,,,,,,
567,11/7/13,12.037999999999993,,,,,,,,,,
568,11/8/13,12.003999999999992,,,,,,,,,,
569,11/11/13,11.957999999999991,,,,,,,,,,
570,11/12/13,11.937999999999992,,,,,,,,,,
571,11/13/13,11.917999999999992,,,,,,,,,,
572,11/14/13,11.893999999999991,,,,,,,,,,
573,11/15/13,11.86399999999999,,,,,,,,,,
574,11/18/13,11.829999999999991,,,,,,,,,,
575,11/19/13,11.79999999999999,,,,,,,,,,
576,11/20/13,11.77999999999999,,,,,,,,,,
577,11/21/13,11.781999999999993,,,,,,,,,,
578,11/22/13,11.771999999999995,,,,,,,,,,
579,11/25/13,11.801999999999992,,,,,,,,,,
580,11/26/13,11.817999999999993,,,,,,,,,,
581,11/27/13,11.823999999999993,,,,,,,,,,
582,11/28/13,11.817999999999993,,,,,,,,,,
583,11/29/13,11.833999999999993,,,,,,,,,,
584,12/2/13,11.803999999999991,,,,,,,,,,
585,12/3/13,11.777999999999992,,,,,,,,,,
586,12/4/13,11.751999999999992,,,,,,,,,,
587,12/5/13,11.715999999999994,,,,,,,,,,
588,12/6/13,11.679999999999996,,,,,,,,,,
589,12/9/13,11.659999999999993,,,,,,,,,,
590,12/10/13,11.639999999999992,,,,,,,,,,
591,12/11/13,11.61999999999999,,,,,,,,,,
592,12/12/13,11.615999999999989,,,,,,,,,,
593,12/13/13,11.615999999999989,,,,,,,,,,
594,12/16/13,11.635999999999989,,,,,,,,,,
595,12/17/13,11.673999999999989,,,,,,,,,,
596,12/18/13,11.70399999999999,,,,,,,,,,
597,12/19/13,11.72199999999999,,,,,,,,,,
598,12/20/13,11.72199999999999,,,,,,,,,,
599,12/23/13,11.721999999999989,,,,,,,,,,
600,12/31/13,,,,,,,,,,,
601,1/2/14,,,,,,,,,,,
602,1/3/14,,,,,,,,,,,
603,1/6/14,,,,,,,,,,,
604,1/7/14,,12.052000000000001,4.0,,,,,,,,
605,1/8/14,,12.048000000000002,4.0,,,,,,,,
606,1/9/14,,12.038000000000002,405.4,,,,,,,,
607,1/10/14,,12.018000000000004,405.4,,,,,,,,
608,1/13/14,,11.992000000000004,405.4,,,,,,,,
609,1/14/14,,11.982000000000005,425.4,,,,,,,,
610,1/15/14,,11.996000000000004,523.4,,,,,,,,
611,1/16/14,,12.036000000000005,122.0,,,,,,,,
612,1/17/14,,12.082000000000003,122.8,,,,,,,,
613,1/20/14,,12.128,122.8,,,,,,,,
614,1/21/14,,12.197999999999999,100.8,,,,,,,,
615,1/22/14,,12.261999999999999,81.4,,,,,,,,
616,1/23/14,,12.331999999999999,330.4,,,,,,,,
617,1/24/14,,12.403999999999998,332.4,,,,,,,,
618,1/27/14,,12.462,332.4,,,,,,,,
619,1/28/14,,12.435999999999998,471.6,,,,,,,,
620,1/29/14,,12.392,393.0,,,,,,,,
621,1/30/14,,12.282,171.0,,,,,,,,
622,1/31/14,,12.174,170.2,,,,,,,,
623,2/3/14,,12.09,170.2,,,,,,,,
624,2/4/14,,12.080000000000002,29.0,,,,,,,,
625,2/5/14,,12.062000000000001,39.0,,,,,,,,
626,2/6/14,,12.102,72.4,,,,,,,,
627,2/7/14,,12.160000000000002,79.0,,,,,,,,
628,2/10/14,,12.212000000000003,79.8,,,,,,,,
629,2/11/14,,12.220000000000002,84.6,,,,,,,,
630,2/12/14,,12.246000000000004,74.6,,,,,,,,
631,2/13/14,,12.250000000000004,14.2,,,,,,,,
632,2/14/14,,12.228000000000002,5.8,,,,,,,,
633,2/17/14,,12.174000000000001,5.0,,,,,,,,
634,2/18/14,,12.146,0.2,,,,,,,,
635,2/19/14,,12.148,0.2,,,,,,,,
636,2/20/14,,12.134,0.2,,,,,,,,
637,2/21/14,,12.138000000000002,0.0,,,,,,,,
638,2/24/14,,12.129999999999999,6.4,,,,,,,,
639,2/25/14,,12.09,10.8,,,,,,,,
640,2/26/14,,12.01,10.8,,,,,,,,
641,2/27/14,,11.968,31.0,,,,,,,,
642,2/28/14,,11.923999999999998,156.2,,,,,,,,
643,3/3/14,,11.919999999999998,150.8,,,,,,,,
644,3/4/14,,11.936,146.4,,,,,,,,
645,3/5/14,,11.956,146.4,,,,,,,,
646,3/6/14,,11.957999999999998,126.2,,,,,,,,
647,3/7/14,,11.947999999999999,1.0,,,,,,,,
648,3/10/14,,11.939999999999998,0.0,,,,,,,,
649,3/11/14,,11.941999999999997,22.6,,,,,,,,
650,3/12/14,,11.939999999999998,22.6,,,,,,,,
651,3/13/14,,11.941999999999998,22.6,,,,,,,,
652,3/14/14,,11.952,22.6,,,,,,,,
653,3/17/14,,11.956,32.6,,,,,,,,
654,3/18/14,,11.960000000000003,10.0,,,,,,,,
655,3/19/14,,11.944000000000003,10.0,,,,,,,,
656,3/20/14,,11.950000000000001,14.2,,,,,,,,
657,3/21/14,,11.952000000000002,14.2,,,,,,,,
658,3/24/14,,11.958,4.2,,,,,,,,
659,3/25/14,,11.965999999999998,4.4,,,,,,,,
660,3/26/14,,11.993999999999996,4.4,,,,,,,,
661,3/27/14,,11.995999999999997,0.2,,,,,,,,
662,3/28/14,,11.997999999999998,0.2,,,,,,,,
663,3/31/14,,12.001999999999997,0.2,,,,,,,,
664,4/1/14,,11.981999999999996,40.4,,,,,,,,
665,4/2/14,,11.965999999999998,40.6,,,,,,,,
666,4/3/14,,11.953999999999997,60.6,,,,,,,,
667,4/4/14,,11.943999999999997,60.8,,,,,,,,
668,4/7/14,,11.941999999999997,70.8,,,,,,,,
669,4/8/14,,11.961999999999996,70.4,,,,,,,,
670,4/9/14,,11.977999999999994,70.4,,,,,,,,
671,4/10/14,,11.989999999999995,60.4,,,,,,,,
672,4/11/14,,12.001999999999995,60.2,,,,,,,,
673,4/14/14,,12.003999999999996,50.2,,,,,,,,
674,4/15/14,,12.001999999999995,11.2,,,,,,,,
675,4/16/14,,11.989999999999995,11.0,,,,,,,,
676,4/17/14,,11.977999999999994,1.0,,,,,,,,
677,4/21/14,,11.959999999999996,1.0,,,,,,,,
678,4/22/14,,11.941999999999995,1.0,,,,,,,,
679,4/23/14,,11.923999999999994,0.0,,,,,,,,
680,4/24/14,,11.913999999999993,2.2,,,,,,,,
681,4/25/14,,11.895999999999992,52.2,,,,,,,,
682,4/28/14,,11.88199999999999,52.2,,,,,,,,
683,4/29/14,,11.855999999999991,56.2,,,,,,,,
684,4/30/14,,11.825999999999992,61.2,,,,,,,,
685,5/1/14,,11.797999999999993,59.0,,,,,,,,
686,5/2/14,,11.777999999999993,29.0,,,,,,,,
687,5/5/14,,11.757999999999992,29.0,,,,,,,,
688,5/6/14,,11.749999999999993,25.0,,,,,,,,
689,5/7/14,,11.749999999999995,20.0,,,,,,,,
690,5/8/14,,11.749999999999995,20.0,,,,,,,,
691,5/9/14,,11.761999999999995,0.0,,,,,,,,
692,5/12/14,,11.777999999999995,20.2,,,,,,,,
693,5/13/14,,11.793999999999993,20.4,,,,,,,,
694,5/14/14,,11.805999999999994,20.4,,,,,,,,
695,5/15/14,,11.801999999999996,26.4,,,,,,,,
696,5/16/14,,11.785999999999996,26.6,,,,,,,,
697,5/19/14,,11.761999999999997,6.4,,,,,,,,
698,5/20/14,,11.727999999999998,47.4,,,,,,,,
699,5/21/14,,11.697999999999997,50.4,,,,,,,,
700,5/22/14,,11.685999999999996,64.4,,,,,,,,
701,5/23/14,,11.673999999999996,64.2,,,,,,,,
702,5/26/14,,11.665999999999995,64.2,,,,,,,,
703,5/27/14,,11.683999999999997,23.0,,,,,,,,
704,5/28/14,,11.705999999999998,20.0,,,,,,,,
705,5/29/14,,11.745999999999999,14.0,,,,,,,,
706,5/30/14,,11.791999999999998,14.2,,,,,,,,
707,6/2/14,,11.839999999999998,83.4,,,,,,,,
708,6/3/14,,11.871999999999996,83.4,,,,,,,,
709,6/4/14,,11.907999999999998,83.4,,,,,,,,
710,6/5/14,,11.924,69.4,,,,,,,,
711,6/6/14,,11.921999999999999,69.2,,,,,,,,
712,6/9/14,,11.907999999999998,0.0,,,,,,,,
713,6/10/14,,11.886,20.0,,,,,,,,
714,6/11/14,,11.855999999999998,30.0,,,,,,,,
715,6/12/14,,11.825999999999997,30.0,,,,,,,,
716,6/13/14,,11.807999999999996,30.0,,,,,,,,
717,6/16/14,,11.809999999999993,30.2,,,,,,,,
718,6/17/14,,11.829999999999995,218.2,,,,,,,,
719,6/18/14,,11.853999999999996,210.2,,,,,,,,
720,6/19/14,,11.881999999999996,271.2,,,,,,,,
721,6/20/14,,11.905999999999997,271.2,,,,,,,,
722,6/23/14,,11.919999999999998,271.0,,,,,,,,
723,6/24/14,,11.929999999999996,67.0,,,,,,,,
724,6/25/14,,11.935999999999996,65.0,,,,,,,,
725,6/26/14,,11.943999999999997,11.0,,,,,,,,
726,6/27/14,,11.955999999999998,11.2,,,,,,,,
727,6/30/14,,11.959999999999997,81.6,,,,,,,,
728,7/1/14,,11.949999999999998,207.8,,,,,,,,
729,7/2/14,,11.939999999999998,282.8,,,,,,,,
730,7/3/14,,11.923999999999998,275.8,,,,,,,,
731,7/4/14,,11.907999999999998,275.6,,,,,,,,
732,7/7/14,,11.9,205.2,,,,,,,,
733,7/8/14,,11.906000000000002,75.2,,,,,,,,
734,7/9/14,,11.916,0.2,,,,,,,,
735,7/10/14,,11.92,0.2,,,,,,,,
736,7/11/14,,11.924,0.6,,,,,,,,
737,7/14/14,,11.926,0.6,,,,,,,,
738,7/15/14,,11.916,203.6,,,,,,,,
739,7/16/14,,11.906,403.6,,,,,,,,
740,7/17/14,,11.896,403.6,,,,,,,,
741,7/18/14,,11.878,426.2,,,,,,,,
742,7/21/14,,11.864,426.2,,,,,,,,
743,7/22/14,,11.858,227.0,,,,,,,,
744,7/23/14,,11.852,28.0,,,,,,,,
745,7/24/14,,11.858,128.0,,,,,,,,
746,7/25/14,,11.872,105.0,,,,,,,,
747,7/28/14,,11.882,213.0,,,,,,,,
748,7/29/14,,11.889999999999999,209.0,,,,,,,,
749,7/30/14,,11.894000000000002,208.0,,,,,,,,
750,7/31/14,,11.892000000000003,108.0,,,,,,,,
751,8/1/14,,11.890000000000004,108.0,,,,,,,,
752,8/4/14,,11.890000000000006,0.0,,,,,,,,
753,8/5/14,,11.890000000000006,0.0,,,,,,,,
754,8/6/14,,11.884000000000006,0.0,,,,,,,,
755,8/7/14,,11.878000000000005,0.0,,,,,,,,
756,8/8/14,,11.870000000000005,0.2,,,,,,,,
757,8/11/14,,11.862000000000004,0.2,,,,,,,,
758,8/12/14,,11.854000000000003,0.2,,,,,,,,
759,8/13/14,,11.850000000000003,10.2,,,,,,,,
760,8/14/14,,11.846000000000004,13.2,,,,,,,,
761,8/15/14,,11.850000000000005,33.0,,,,,,,,
762,8/18/14,,11.852000000000002,33.0,,,,,,,,
763,8/19/14,,11.842000000000002,37.2,,,,,,,,
764,8/20/14,,11.854000000000003,129.2,,,,,,,,
765,8/21/14,,11.852,200.4,,,,,,,,
766,8/22/14,,11.852000000000002,192.4,,,,,,,,
767,8/25/14,,11.852,192.4,,,,,,,,
768,8/26/14,,11.864,188.8,,,,,,,,
769,8/27/14,,11.864000000000003,86.8,,,,,,,,
770,8/28/14,,11.898000000000005,270.6,,,,,,,,
771,8/29/14,,11.922000000000004,358.6,,,,,,,,
772,9/1/14,,11.948000000000004,358.6,,,,,,,,
773,9/2/14,,11.974000000000004,358.0,,,,,,,,
774,9/3/14,,11.992000000000003,688.0,,,,,,,,
775,9/4/14,,11.992,494.0,,,,,,,,
776,9/5/14,,11.992,398.0,,,,,,,,
777,9/8/14,,11.994000000000002,428.6,,,,,,,,
778,9/9/14,,12.001999999999999,428.6,,,,,,,,
779,9/10/14,,12.009999999999998,118.6,,,,,,,,
780,9/11/14,,12.009999999999996,74.6,,,,,,,,
781,9/12/14,,12.019999999999994,140.6,,,,,,,,
782,9/15/14,,12.031999999999993,110.2,,,,,,,,
783,9/16/14,,12.041999999999993,130.2,,,,,,,,
784,9/17/14,,12.053999999999993,230.2,,,,,,,,
785,9/18/14,,12.071999999999994,210.2,,,,,,,,
786,9/19/14,,12.081999999999995,209.2,,,,,,,,
787,9/22/14,,12.089999999999995,209.0,,,,,,,,
788,9/23/14,,12.095999999999995,218.0,,,,,,,,
789,9/24/14,,12.101999999999995,133.2,,,,,,,,
790,9/25/14,,12.109999999999994,135.2,,,,,,,,
791,9/26/14,,12.117999999999991,66.2,,,,,,,,
792,9/29/14,,12.121999999999993,66.4,,,,,,,,
793,9/30/14,,12.123999999999992,37.4,,,,,,,,
794,10/1/14,,12.123999999999993,11.8,,,,,,,,
795,10/2/14,,12.121999999999993,9.8,,,,,,,,
796,10/3/14,,12.123999999999993,9.8,,,,,,,,
797,10/6/14,,12.113999999999994,80.0,,,,,,,,
798,10/7/14,,12.109999999999996,122.0,,,,,,,,
799,10/8/14,,12.111999999999997,156.4,,,,,,,,
800,10/9/14,,12.107999999999997,210.8,,,,,,,,
801,10/10/14,,12.105999999999998,211.8,,,,,,,,
802,10/13/14,,12.117999999999997,141.4,,,,,,,,
803,10/14/14,,12.123999999999997,99.4,,,,,,,,
804,10/15/14,,12.117999999999997,93.4,,,,,,,,
805,10/17/14,,12.121999999999996,39.0,,,,,,,,
806,10/20/14,,12.123999999999993,38.0,,,,,,,,
807,10/21/14,,12.117999999999993,71.0,,,,,,,,
808,10/22/14,,12.109999999999992,153.0,,,,,,,,
809,10/23/14,,12.107999999999992,115.0,,,,,,,,
810,10/24/14,,12.101999999999991,116.0,,,,,,,,
811,10/27/14,,12.09199999999999,131.2,,,,,,,,
812,10/28/14,,12.089999999999991,104.4,,,,,,,,
813,10/29/14,,12.099999999999989,22.4,,,,,,,,
814,10/30/14,,12.11199999999999,110.2,,,,,,,,
815,10/31/14,,12.125999999999987,129.2,,,,,,,,
816,11/3/14,,12.141999999999987,198.0,,,,,,,,
817,11/4/14,,12.157999999999987,192.4,,,,,,,,
818,11/5/14,,12.163999999999987,196.4,,,,,,,,
819,11/6/14,,12.167999999999989,108.6,,,,,,,,
820,11/7/14,,12.169999999999987,88.6,,,,,,,,
821,11/10/14,,12.169999999999987,4.6,,,,,,,,
822,11/11/14,,12.169999999999987,4.4,,,,,,,,
823,11/12/14,,12.169999999999987,2.6,,,,,,,,
824,11/13/14,,12.165999999999988,2.6,,,,,,,,
825,11/14/14,,12.163999999999987,2.6,,,,,,,,
826,11/17/14,,12.159999999999988,92.6,,,,,,,,
827,11/18/14,,12.157999999999987,92.6,,,,,,,,
828,11/19/14,,12.165999999999988,234.4,,,,,,,,
829,11/20/14,,12.18799999999999,239.0,,,,,,,,
830,11/21/14,,12.20799999999999,244.4,,,,,,,,
831,11/24/14,,12.22199999999999,194.4,,,,,,,,
832,11/25/14,,12.233999999999991,194.0,,,,,,,,
833,11/26/14,,12.231999999999992,55.0,,,,,,,,
834,11/27/14,,12.219999999999992,50.4,,,,,,,,
835,11/28/14,,12.207999999999991,45.0,,,,,,,,
836,12/1/14,,12.201999999999993,7.2,,,,,,,,
837,12/2/14,,12.197999999999993,10.6,,,,,,,,
838,12/3/14,,12.197999999999993,94.6,,,,,,,,
839,12/4/14,,12.205999999999992,114.6,,,,,,,,
840,12/5/14,,12.22599999999999,114.6,,,,,,,,
841,12/8/14,,12.255999999999991,112.4,,,,,,,,
842,12/9/14,,12.281999999999991,169.0,,,,,,,,
843,12/10/14,,12.311999999999989,130.2,,,,,,,,
844,12/11/14,,12.345999999999988,116.2,,,,,,,,
845,12/12/14,,12.365999999999989,336.2,,,,,,,,
846,12/15/14,,12.37799999999999,376.2,,,,,,,,
847,12/16/14,,12.39199999999999,366.2,,,,,,,,
848,12/17/14,,12.40599999999999,400.0,,,,,,,,
849,12/18/14,,12.417999999999992,394.0,,,,,,,,
850,12/19/14,,12.437999999999992,293.6,,,,,,,,
851,12/22/14,,12.463999999999992,279.8,,,,,,,,
852,12/23/14,,12.493999999999993,253.0,,,,,,,,
853,12/24/14,,12.525999999999993,169.0,,,,,,,,
854,1/2/15,,,,,,,,,,,
855,1/5/15,,,,,,,,,,,
856,1/6/15,,,,,,,,,,,
857,1/7/15,,,,,,,,,,,
858,1/8/15,,,,13.073999999999998,130.0,,,,,,
859,1/9/15,,,,13.063999999999998,220.0,,,,,,
860,1/12/15,,,,13.05,200.0,,,,,,
861,1/13/15,,,,13.026,180.0,,,,,,
862,1/14/15,,,,12.995999999999999,130.0,,,,,,
863,1/15/15,,,,12.966,130.0,,,,,,
864,1/16/15,,,,12.967999999999998,40.0,,,,,,
865,1/19/15,,,,12.969999999999995,40.0,,,,,,
866,1/20/15,,,,12.965999999999998,0.0,,,,,,
867,1/21/15,,,,12.957999999999998,10.0,,,,,,
868,1/22/15,,,,12.955999999999998,10.0,,,,,,
869,1/23/15,,,,12.953999999999997,10.0,,,,,,
870,1/26/15,,,,12.955999999999994,14.0,,,,,,
871,1/27/15,,,,12.955999999999994,64.0,,,,,,
872,1/28/15,,,,12.959999999999994,54.0,,,,,,
873,1/29/15,,,,12.969999999999994,54.2,,,,,,
874,1/30/15,,,,12.981999999999994,54.2,,,,,,
875,2/2/15,,,,12.987999999999994,50.2,,,,,,
876,2/3/15,,,,12.991999999999994,0.2,,,,,,
877,2/4/15,,,,12.979999999999993,0.2,,,,,,
878,2/5/15,,,,12.961999999999994,0.0,,,,,,
879,2/6/15,,,,12.927999999999994,0.0,,,,,,
880,2/9/15,,,,12.895999999999995,0.0,,,,,,
881,2/10/15,,,,12.863999999999995,0.0,,,,,,
882,2/11/15,,,,12.849999999999998,5.2,,,,,,
883,2/12/15,,,,12.835999999999995,27.2,,,,,,
884,2/13/15,,,,12.835999999999995,27.4,,,,,,
885,2/16/15,,,,12.835999999999995,27.4,,,,,,
886,2/17/15,,,,12.843999999999998,49.8,,,,,,
887,2/18/15,,,,12.843999999999998,44.6,,,,,,
888,2/19/15,,,,12.845999999999998,22.8,,,,,,
889,2/20/15,,,,12.845999999999998,22.6,,,,,,
890,2/23/15,,,,12.841999999999995,26.8,,,,,,
891,2/24/15,,,,12.835999999999995,4.4,,,,,,
892,2/25/15,,,,12.797999999999996,44.4,,,,,,
893,2/26/15,,,,12.759999999999996,328.2,,,,,,
894,2/27/15,,,,12.719999999999995,328.2,,,,,,
895,3/2/15,,,,12.683999999999996,593.2,,,,,,
896,3/3/15,,,,12.653999999999996,713.2,,,,,,
897,3/4/15,,,,12.653999999999998,727.2,,,,,,
898,3/5/15,,,,12.653999999999998,443.2,,,,,,
899,3/6/15,,,,12.657999999999998,443.2,,,,,,
900,3/9/15,,,,12.655999999999997,294.0,,,,,,
901,3/10/15,,,,12.648,174.4,,,,,,
902,3/11/15,,,,12.648,120.4,,,,,,
903,3/12/15,,,,12.652,120.4,,,,,,
904,3/13/15,,,,12.652000000000001,120.4,,,,,,
905,3/16/15,,,,12.654,0.4,,,,,,
906,3/17/15,,,,12.654,0.2,,,,,,
907,3/18/15,,,,12.658,0.2,,,,,,
908,3/19/15,,,,12.657999999999998,0.2,,,,,,
909,3/20/15,,,,12.66,0.2,,,,,,
910,3/23/15,,,,12.663999999999998,60.6,,,,,,
911,3/24/15,,,,12.664,62.4,,,,,,
912,3/25/15,,,,12.658000000000001,62.4,,,,,,
913,3/26/15,,,,12.652000000000001,122.6,,,,,,
914,3/27/15,,,,12.646,202.6,,,,,,
915,3/30/15,,,,12.64,157.4,,,,,,
916,3/31/15,,,,12.632000000000001,160.4,,,,,,
917,4/1/15,,,,12.63,165.8,,,,,,
918,4/2/15,,,,12.628,105.6,,,,,,
919,4/6/15,,,,12.626,125.8,,,,,,
920,4/7/15,,,,12.627999999999998,110.6,,,,,,
921,4/8/15,,,,12.636,105.6,,,,,,
922,4/9/15,,,,12.639999999999999,100.2,,,,,,
923,4/10/15,,,,12.643999999999998,100.2,,,,,,
924,4/13/15,,,,12.649999999999999,0.2,,,,,,
925,4/14/15,,,,12.657999999999998,0.2,,,,,,
926,4/15/15,,,,12.668,0.2,,,,,,
927,4/16/15,,,,12.677999999999999,0.2,,,,,,
928,4/17/15,,,,12.69,0.6,,,,,,
929,4/20/15,,,,12.697999999999999,0.4,,,,,,
930,4/21/15,,,,12.702,0.4,,,,,,
931,4/22/15,,,,12.706,0.8,,,,,,
932,4/23/15,,,,12.709999999999999,165.8,,,,,,
933,4/24/15,,,,12.706,235.6,,,,,,
934,4/27/15,,,,12.701999999999998,245.6,,,,,,
935,4/28/15,,,,12.697999999999999,245.6,,,,,,
936,4/29/15,,,,12.689999999999998,245.2,,,,,,
937,4/30/15,,,,12.689999999999998,80.2,,,,,,
938,5/1/15,,,,12.691999999999998,310.2,,,,,,
939,5/4/15,,,,12.697999999999997,300.2,,,,,,
940,5/5/15,,,,12.701999999999996,310.2,,,,,,
941,5/6/15,,,,12.703999999999997,325.4,,,,,,
942,5/7/15,,,,12.699999999999998,345.4,,,,,,
943,5/8/15,,,,12.695999999999994,45.4,,,,,,
944,5/11/15,,,,12.693999999999996,95.8,,,,,,
945,5/12/15,,,,12.693999999999994,85.8,,,,,,
946,5/13/15,,,,12.695999999999994,70.8,,,,,,
947,5/14/15,,,,12.695999999999994,270.8,,,,,,
948,5/15/15,,,,12.701999999999995,270.6,,,,,,
949,5/18/15,,,,12.695999999999993,270.8,,,,,,
950,5/19/15,,,,12.687999999999992,345.8,,,,,,
951,5/20/15,,,,12.677999999999992,385.6,,,,,,
952,5/21/15,,,,12.661999999999992,215.6,,,,,,
953,5/22/15,,,,12.641999999999992,310.6,,,,,,
954,5/25/15,,,,12.629999999999992,260.0,,,,,,
955,5/26/15,,,,12.625999999999994,190.6,,,,,,
956,5/27/15,,,,12.623999999999993,150.6,,,,,,
957,5/28/15,,,,12.627999999999993,300.6,,,,,,
958,5/29/15,,,,12.633999999999995,205.6,,,,,,
959,6/1/15,,,,12.643999999999995,285.8,,,,,,
960,6/2/15,,,,12.649999999999995,460.2,,,,,,
961,6/3/15,,,,12.653999999999993,739.4,,,,,,
962,6/4/15,,,,12.659999999999993,589.4,,,,,,
963,6/5/15,,,,12.665999999999993,589.6,,,,,,
964,6/8/15,,,,12.665999999999993,531.6,,,,,,
965,6/9/15,,,,12.663999999999993,391.6,,,,,,
966,6/10/15,,,,12.661999999999995,252.8,,,,,,
967,6/11/15,,,,12.657999999999996,252.8,,,,,,
968,6/12/15,,,,12.663999999999996,647.6,,,,,,
969,6/15/15,,,,12.671999999999997,718.6,,,,,,
970,6/16/15,,,,12.681999999999999,679.6,,,,,,
971,6/17/15,,,,12.694,594.2,,,,,,
972,6/18/15,,,,12.708000000000002,544.2,,,,,,
973,6/19/15,,,,12.712000000000003,149.2,,,,,,
974,6/22/15,,,,12.716000000000003,56.0,,,,,,
975,6/23/15,,,,12.718000000000002,55.0,,,,,,
976,6/24/15,,,,12.716000000000001,0.0,,,,,,
977,6/25/15,,,,12.712,7.2,,,,,,
978,6/26/15,,,,12.714000000000002,7.2,,,,,,
979,6/29/15,,,,12.716000000000003,7.2,,,,,,
980,6/30/15,,,,12.716000000000003,27.4,,,,,,
981,7/1/15,,,,12.720000000000002,67.4,,,,,,
982,7/2/15,,,,12.726000000000003,60.4,,,,,,
983,7/3/15,,,,12.726000000000003,60.4,,,,,,
984,7/6/15,,,,12.726000000000003,100.4,,,,,,
985,7/7/15,,,,12.73,157.8,,,,,,
986,7/8/15,,,,12.734,147.8,,,,,,
987,7/9/15,,,,12.735999999999999,187.6,,,,,,
988,7/10/15,,,,12.739999999999998,187.6,,,,,,
989,7/13/15,,,,12.741999999999996,216.2,,,,,,
990,7/14/15,,,,12.743999999999996,152.6,,,,,,
991,7/15/15,,,,12.739999999999997,186.6,,,,,,
992,7/16/15,,,,12.731999999999996,416.6,,,,,,
993,7/17/15,,,,12.721999999999994,416.6,,,,,,
994,7/20/15,,,,12.715999999999992,348.8,,,,,,
995,7/21/15,,,,12.705999999999992,364.8,,,,,,
996,7/22/15,,,,12.699999999999992,320.8,,,,,,
997,7/23/15,,,,12.699999999999992,51.0,,,,,,
998,7/24/15,,,,12.69799999999999,166.0,,,,,,
999,7/27/15,,,,12.68999999999999,275.2,,,,,,
1000,7/28/15,,,,12.683999999999989,297.6,,,,,,
1001,7/29/15,,,,12.679999999999989,739.6,,,,,,
1002,7/30/15,,,,12.679999999999989,779.4,,,,,,
1003,7/31/15,,,,12.681999999999992,664.4,,,,,,
1004,8/3/15,,,,12.687999999999992,584.6,,,,,,
1005,8/4/15,,,,12.69799999999999,591.2,,,,,,
1006,8/5/15,,,,12.70799999999999,149.2,,,,,,
1007,8/6/15,,,,12.711999999999989,109.2,,,,,,
1008,8/7/15,,,,12.715999999999989,109.2,,,,,,
1009,8/10/15,,,,12.719999999999988,79.0,,,,,,
1010,8/11/15,,,,12.719999999999988,20.0,,,,,,
1011,8/12/15,,,,12.721999999999989,0.0,,,,,,
1012,8/13/15,,,,12.725999999999988,0.0,,,,,,
1013,8/14/15,,,,12.729999999999986,0.2,,,,,,
1014,8/17/15,,,,12.735999999999986,15.2,,,,,,
1015,8/18/15,,,,12.74399999999999,35.4,,,,,,
1016,8/19/15,,,,12.747999999999987,38.4,,,,,,
1017,8/20/15,,,,12.751999999999988,38.4,,,,,,
1018,8/21/15,,,,12.755999999999988,38.2,,,,,,
1019,8/24/15,,,,12.757999999999987,23.2,,,,,,
1020,8/25/15,,,,12.757999999999988,8.2,,,,,,
1021,8/26/15,,,,12.757999999999987,10.2,,,,,,
1022,8/27/15,,,,12.755999999999988,10.2,,,,,,
1023,8/28/15,,,,12.753999999999989,20.2,,,,,,
1024,8/31/15,,,,12.751999999999992,441.2,,,,,,
1025,9/1/15,,,,12.747999999999992,1296.0,,,,,,
1026,9/2/15,,,,12.743999999999991,1881.0,,,,,,
1027,9/3/15,,,,12.73799999999999,2303.0,,,,,,
1028,9/4/15,,,,12.72999999999999,2293.2,,,,,,
1029,9/7/15,,,,12.72199999999999,1872.2,,,,,,
1030,9/8/15,,,,12.723999999999991,1317.2,,,,,,
1031,9/9/15,,,,12.727999999999989,738.2,,,,,,
1032,9/10/15,,,,12.73399999999999,316.2,,,,,,
1033,9/11/15,,,,12.741999999999988,361.0,,,,,,
1034,9/14/15,,,,12.74999999999999,361.2,,,,,,
1035,9/15/15,,,,12.74999999999999,56.2,,,,,,
1036,9/16/15,,,,12.74999999999999,45.2,,,,,,
1037,9/17/15,,,,12.74999999999999,45.4,,,,,,
1038,9/18/15,,,,12.75199999999999,100.4,,,,,,
1039,9/21/15,,,,12.75399999999999,221.4,,,,,,
1040,9/22/15,,,,12.755999999999991,221.4,,,,,,
1041,9/23/15,,,,12.757999999999992,241.4,,,,,,
1042,9/24/15,,,,12.759999999999994,301.4,,,,,,
1043,9/25/15,,,,12.759999999999994,331.4,,,,,,
1044,9/28/15,,,,12.761999999999997,214.6,,,,,,
1045,9/29/15,,,,12.765999999999995,254.6,,,,,,
1046,9/30/15,,,,12.767999999999997,234.6,,,,,,
1047,10/1/15,,,,12.771999999999995,174.4,,,,,,
1048,10/2/15,,,,12.779999999999998,131.4,,,,,,
1049,10/5/15,,,,12.787999999999997,128.0,,,,,,
1050,10/6/15,,,,12.797999999999996,89.8,,,,,,
1051,10/7/15,,,,12.811999999999998,89.8,,,,,,
1052,10/8/15,,,,12.825999999999997,89.8,,,,,,
1053,10/9/15,,,,12.837999999999997,3.8,,,,,,
1054,10/12/15,,,,12.847999999999995,2.8,,,,,,
1055,10/13/15,,,,12.853999999999996,2.6,,,,,,
1056,10/14/15,,,,12.857999999999995,3.0,,,,,,
1057,10/15/15,,,,12.861999999999998,87.2,,,,,,
1058,10/16/15,,,,12.865999999999996,86.4,,,,,,
1059,10/19/15,,,,12.869999999999996,87.4,,,,,,
1060,10/20/15,,,,12.873999999999995,105.8,,,,,,
1061,10/21/15,,,,12.877999999999995,505.6,,,,,,
1062,10/22/15,,,,12.879999999999992,441.6,,,,,,
1063,10/23/15,,,,12.881999999999994,441.4,,,,,,
1064,10/26/15,,,,12.881999999999994,540.8,,,,,,
1065,10/27/15,,,,12.881999999999994,520.8,,,,,,
1066,10/28/15,,,,12.881999999999994,120.8,,,,,,
1067,10/29/15,,,,12.883999999999995,102.8,,,,,,
1068,10/30/15,,,,12.883999999999995,102.8,,,,,,
1069,11/2/15,,,,12.883999999999995,64.4,,,,,,
1070,11/3/15,,,,12.883999999999995,164.4,,,,,,
1071,11/4/15,,,,12.883999999999995,284.2,,,,,,
1072,11/5/15,,,,12.881999999999994,312.2,,,,,,
1073,11/6/15,,,,12.881999999999994,325.4,,,,,,
1074,11/9/15,,,,12.883999999999995,348.4,,,,,,
1075,11/10/15,,,,12.889999999999995,303.6,,,,,,
1076,11/11/15,,,,12.895999999999995,183.6,,,,,,
1077,11/12/15,,,,12.901999999999996,203.8,,,,,,
1078,11/13/15,,,,12.905999999999995,190.6,,,,,,
1079,11/16/15,,,,12.917999999999996,166.2,,,,,,
1080,11/17/15,,,,12.921999999999997,111.4,,,,,,
1081,11/18/15,,,,12.927999999999997,716.4,,,,,,
1082,11/19/15,,,,12.935999999999998,716.8,,,,,,
1083,11/20/15,,,,12.943999999999999,766.8,,,,,,
1084,11/23/15,,,,12.943999999999999,706.2,,,,,,
1085,11/24/15,,,,12.942000000000002,751.0,,,,,,
1086,11/25/15,,,,12.938000000000002,149.6,,,,,,
1087,11/26/15,,,,12.932000000000002,98.8,,,,,,
1088,11/27/15,,,,12.926000000000002,48.8,,,,,,
1089,11/30/15,,,,12.920000000000002,173.8,,,,,,
1090,12/1/15,,,,12.918000000000001,161.0,,,,,,
1091,12/2/15,,,,12.912,380.4,,,,,,
1092,12/14/15,,,,12.896,386.6,,,,,,
1093,12/15/15,,,,12.88,542.6,,,,,,
1094,12/16/15,,,,12.864,428.6,,,,,,
1095,12/17/15,,,,12.848000000000003,398.2,,,,,,
1096,12/18/15,,,,12.832000000000003,392.6,,,,,,
1097,12/21/15,,,,12.824000000000002,1038.6,,,,,,
1098,12/22/15,,,,12.815999999999999,938.0,,,,,,
1099,12/23/15,,,,12.806000000000001,937.0,,,,,,
1100,12/24/15,,,,12.797999999999998,935.0,,,,,,
1101,1/4/16,,,,,,,,,,,
1102,1/5/16,,,,,,,,,,,
1103,1/6/16,,,,,,,,,,,
1104,1/7/16,,,,,,,,,,,
1105,1/8/16,,,,,,13.185999999999998,60.0,,,,
1106,1/11/16,,,,,,13.189999999999998,60.0,,,,
1107,1/12/16,,,,,,13.193999999999999,0.0,,,,
1108,1/13/16,,,,,,13.209999999999999,50.0,,,,
1109,1/14/16,,,,,,13.215999999999998,80.0,,,,
1110,1/15/16,,,,,,13.215999999999998,80.0,,,,
1111,1/18/16,,,,,,13.211999999999998,80.0,,,,
1112,1/19/16,,,,,,13.205999999999994,80.0,,,,
1113,1/20/16,,,,,,13.193999999999997,30.0,,,,
1114,1/21/16,,,,,,13.187999999999994,100.0,,,,
1115,1/22/16,,,,,,13.187999999999994,230.0,,,,
1116,1/25/16,,,,,,13.187999999999994,230.0,,,,
1117,1/26/16,,,,,,13.195999999999993,310.0,,,,
1118,1/27/16,,,,,,13.207999999999993,310.0,,,,
1119,1/28/16,,,,,,13.217999999999995,500.0,,,,
1120,1/29/16,,,,,,13.221999999999994,474.0,,,,
1121,2/1/16,,,,,,13.227999999999994,474.0,,,,
1122,2/2/16,,,,,,13.231999999999994,434.0,,,,
1123,2/3/16,,,,,,13.231999999999994,434.0,,,,
1124,2/4/16,,,,,,13.233999999999991,144.0,,,,
1125,2/5/16,,,,,,13.235999999999994,40.0,,,,
1126,2/8/16,,,,,,13.23799999999999,40.0,,,,
1127,2/10/16,,,,,,13.235999999999994,0.0,,,,
1128,2/11/16,,,,,,13.229999999999993,70.0,,,,
1129,2/12/16,,,,,,13.213999999999993,70.0,,,,
1130,2/15/16,,,,,,13.199999999999992,70.0,,,,
1131,2/16/16,,,,,,13.177999999999992,198.2,,,,
1132,2/17/16,,,,,,13.15199999999999,338.2,,,,
1133,2/18/16,,,,,,13.121999999999991,438.2,,,,
1134,2/19/16,,,,,,13.101999999999993,440.2,,,,
1135,2/22/16,,,,,,13.073999999999993,1184.2,,,,
1136,2/23/16,,,,,,12.987999999999994,2806.0,,,,
1137,2/24/16,,,,,,12.909999999999997,3757.0,,,,
1138,2/25/16,,,,,,12.841999999999995,3855.0,,,,
1139,2/26/16,,,,,,12.827999999999994,4041.2,,,,
1140,2/29/16,,,,,,12.819999999999997,3324.4,,,,
1141,3/1/16,,,,,,12.875999999999996,1574.4,,,,
1142,3/2/16,,,,,,12.929999999999996,483.4,,,,
1143,3/3/16,,,,,,12.981999999999996,215.4,,,,
1144,3/4/16,,,,,,12.979999999999999,27.2,,,,
1145,3/7/16,,,,,,12.979999999999999,0.0,,,,
1146,3/8/16,,,,,,12.975999999999996,10.0,,,,
1147,3/9/16,,,,,,12.965999999999994,10.0,,,,
1148,3/10/16,,,,,,12.945999999999993,10.2,,,,
1149,3/11/16,,,,,,12.925999999999991,10.2,,,,
1150,3/14/16,,,,,,12.905999999999988,10.4,,,,
1151,3/15/16,,,,,,12.88599999999999,1.4,,,,
1152,3/16/16,,,,,,12.871999999999991,1.4,,,,
1153,3/17/16,,,,,,12.86599999999999,1.4,,,,
1154,3/18/16,,,,,,12.85999999999999,21.4,,,,
1155,3/21/16,,,,,,12.857999999999993,21.2,,,,
1156,3/22/16,,,,,,12.857999999999993,32.2,,,,
1157,3/23/16,,,,,,12.845999999999993,50.4,,,,
1158,3/24/16,,,,,,12.835999999999993,55.2,,,,
1159,3/28/16,,,,,,12.829999999999995,135.2,,,,
1160,3/29/16,,,,,,12.793999999999995,218.2,,,,
1161,3/30/16,,,,,,12.743999999999996,217.2,,,,
1162,3/31/16,,,,,,12.717999999999998,284.0,,,,
1163,4/1/16,,,,,,12.677999999999997,319.0,,,,
1164,4/4/16,,,,,,12.627999999999997,249.2,,,,
1165,4/5/16,,,,,,12.611999999999995,368.2,,,,
1166,4/6/16,,,,,,12.611999999999995,624.2,,,,
1167,4/7/16,,,,,,12.599999999999994,539.2,,,,
1168,4/8/16,,,,,,12.607999999999993,521.2,,,,
1169,4/11/16,,,,,,12.623999999999993,511.0,,,,
1170,4/12/16,,,,,,12.613999999999994,530.2,,,,
1171,4/13/16,,,,,,12.565999999999994,338.4,,,,
1172,4/14/16,,,,,,12.511999999999995,348.4,,,,
1173,4/15/16,,,,,,12.445999999999994,329.4,,,,
1174,4/18/16,,,,,,12.373999999999997,317.6,,,,
1175,4/19/16,,,,,,12.327999999999998,258.4,,,,
1176,4/20/16,,,,,,12.337999999999997,247.2,,,,
1177,4/21/16,,,,,,12.383999999999997,663.2,,,,
1178,4/22/16,,,,,,12.437999999999997,672.2,,,,
1179,4/25/16,,,,,,12.505999999999997,703.0,,,,
1180,4/26/16,,,,,,12.565999999999997,548.0,,,,
1181,4/27/16,,,,,,12.597999999999995,639.0,,,,
1182,4/28/16,,,,,,12.607999999999997,338.2,,,,
1183,4/29/16,,,,,,12.611999999999998,326.2,,,,
1184,5/2/16,,,,,,12.609999999999998,312.2,,,,
1185,5/3/16,,,,,,12.615999999999998,355.2,,,,
1186,5/4/16,,,,,,12.639999999999997,220.2,,,,
1187,5/5/16,,,,,,12.679999999999996,145.0,,,,
1188,5/6/16,,,,,,12.719999999999997,145.0,,,,
1189,5/9/16,,,,,,12.743999999999998,120.2,,,,
1190,5/10/16,,,,,,12.75,86.2,,,,
1191,5/11/16,,,,,,12.735999999999999,88.2,,,,
1192,5/12/16,,,,,,12.684,62.6,,,,
1193,5/13/16,,,,,,12.636,67.6,,,,
1194,5/16/16,,,,,,12.587999999999997,76.6,,,,
1195,5/17/16,,,,,,12.545999999999998,60.6,,,,
1196,5/18/16,,,,,,12.517999999999997,90.8,,,,
1197,5/19/16,,,,,,12.505999999999995,68.4,,,,
1198,5/20/16,,,,,,12.491999999999994,70.4,,,,
1199,5/23/16,,,,,,12.47799999999999,73.2,,,,
1200,5/24/16,,,,,,12.467999999999993,147.2,,,,
1201,5/25/16,,,,,,12.459999999999992,187.0,,,,
1202,5/26/16,,,,,,12.451999999999993,341.2,,,,
1203,5/27/16,,,,,,12.445999999999994,334.2,,,,
1204,5/30/16,,,,,,12.451999999999995,322.2,,,,
1205,5/31/16,,,,,,12.463999999999995,390.4,,,,
1206,6/1/16,,,,,,12.475999999999994,298.4,,,,
1207,6/2/16,,,,,,12.495999999999993,219.0,,,,
1208,6/3/16,,,,,,12.507999999999994,248.2,,,,
1209,6/6/16,,,,,,12.525999999999994,249.0,,,,
1210,6/7/16,,,,,,12.545999999999994,326.8,,,,
1211,6/8/16,,,,,,12.563999999999995,326.8,,,,
1212,6/9/16,,,,,,12.589999999999995,714.4,,,,
1213,6/10/16,,,,,,12.621999999999995,698.2,,,,
1214,6/13/16,,,,,,12.641999999999996,710.2,,,,
1215,6/14/16,,,,,,12.651999999999996,492.4,,,,
1216,6/15/16,,,,,,12.655999999999995,518.4,,,,
1217,6/16/16,,,,,,12.639999999999997,69.0,,,,
1218,6/17/16,,,,,,12.631999999999998,87.0,,,,
1219,6/20/16,,,,,,12.629999999999997,274.2,,,,
1220,6/21/16,,,,,,12.637999999999996,302.0,,,,
1221,6/22/16,,,,,,12.647999999999998,291.0,,,,
1222,6/23/16,,,,,,12.659999999999997,278.2,,,,
1223,6/24/16,,,,,,12.665999999999997,280.2,,,,
1224,6/27/16,,,,,,12.671999999999997,85.2,,,,
1225,6/28/16,,,,,,12.669999999999998,75.2,,,,
1226,6/29/16,,,,,,12.665999999999997,145.2,,,,
1227,6/30/16,,,,,,12.667999999999997,164.6,,,,
1228,7/1/16,,,,,,12.669999999999996,151.8,,,,
1229,7/4/16,,,,,,12.671999999999993,146.8,,,,
1230,7/5/16,,,,,,12.671999999999993,131.8,,,,
1231,7/6/16,,,,,,12.677999999999994,61.8,,,,
1232,7/7/16,,,,,,12.679999999999994,52.2,,,,
1233,7/8/16,,,,,,12.681999999999995,32.0,,,,
1234,7/11/16,,,,,,12.683999999999996,148.0,,,,
1235,7/12/16,,,,,,12.693999999999997,241.2,,,,
1236,7/13/16,,,,,,12.699999999999996,256.2,,,,
1237,7/20/16,,,,,,12.705999999999998,247.6,,,,
1238,7/21/16,,,,,,12.711999999999998,248.8,,,,
1239,7/22/16,,,,,,12.717999999999998,132.8,,,,
1240,7/25/16,,,,,,12.717999999999998,55.4,,,,
1241,7/26/16,,,,,,12.725999999999997,519.4,,,,
1242,7/27/16,,,,,,12.733999999999998,516.0,,,,
1243,7/28/16,,,,,,12.741999999999999,514.8,,,,
1244,7/29/16,,,,,,12.756,514.8,,,,
1245,8/1/16,,,,,,12.772,494.0,,,,
1246,8/2/16,,,,,,12.788,32.4,,,,
1247,8/3/16,,,,,,12.801999999999998,32.4,,,,
1248,8/4/16,,,,,,12.815999999999997,42.6,,,,
1249,8/5/16,,,,,,12.823999999999995,42.6,,,,
1250,8/8/16,,,,,,12.829999999999995,42.6,,,,
1251,8/9/16,,,,,,12.831999999999997,10.2,,,,
1252,8/10/16,,,,,,12.837999999999997,40.4,,,,
1253,8/11/16,,,,,,12.841999999999995,56.2,,,,
1254,8/12/16,,,,,,12.839999999999995,141.2,,,,
1255,8/15/16,,,,,,12.833999999999994,141.4,,,,
1256,8/16/16,,,,,,12.831999999999994,241.4,,,,
1257,8/17/16,,,,,,12.825999999999993,561.2,,,,
1258,8/18/16,,,,,,12.817999999999994,555.2,,,,
1259,8/19/16,,,,,,12.815999999999997,470.2,,,,
1260,8/22/16,,,,,,12.821999999999997,470.2,,,,
1261,8/23/16,,,,,,12.823999999999998,463.2,,,,
1262,8/24/16,,,,,,12.833999999999998,123.2,,,,
1263,8/25/16,,,,,,12.849999999999998,103.2,,,,
1264,8/26/16,,,,,,12.865999999999996,103.2,,,,
1265,8/29/16,,,,,,12.877999999999997,103.0,,,,
1266,8/30/16,,,,,,12.891999999999996,10.0,,,,
1267,8/31/16,,,,,,12.897999999999996,0.0,,,,
1268,9/1/16,,,,,,12.901999999999996,0.0,,,,
1269,9/2/16,,,,,,12.905999999999995,0.4,,,,
1270,9/5/16,,,,,,12.909999999999993,0.4,,,,
1271,9/6/16,,,,,,12.909999999999993,0.4,,,,
1272,9/7/16,,,,,,12.911999999999995,10.2,,,,
1273,9/8/16,,,,,,12.919999999999996,10.2,,,,
1274,9/9/16,,,,,,12.927999999999997,10.0,,,,
1275,9/12/16,,,,,,12.933999999999997,160.0,,,,
1276,9/13/16,,,,,,12.941999999999998,360.0,,,,
1277,9/14/16,,,,,,12.947999999999999,350.4,,,,
1278,9/15/16,,,,,,12.947999999999999,350.4,,,,
1279,9/19/16,,,,,,12.947999999999999,,,,,
1280,9/20/16,,,,,,12.95,,,,,
1281,9/21/16,,,,,,12.95,,,,,
1282,9/22/16,,,,,,12.952000000000002,,,,,
1283,9/23/16,,,,,,12.953999999999999,,,,,
1284,9/26/16,,,,,,12.955999999999998,,,,,
1285,9/27/16,,,,,,12.955999999999998,,,,,
1286,9/28/16,,,,,,12.951999999999995,,,,,
1287,9/29/16,,,,,,12.945999999999993,,,,,
1288,9/29/16,,,,,,12.939999999999992,,,,,
1289,9/30/16,,,,,,12.931999999999993,,,,,
1290,9/30/16,,,,,,12.925999999999993,,,,,
1291,10/3/16,,,,,,12.919999999999993,,,,,
1292,10/3/16,,,,,,12.913999999999993,,,,,
1293,10/4/16,,,,,,12.903999999999991,,,,,
1294,10/4/16,,,,,,12.89599999999999,,,,,
1295,10/5/16,,,,,,12.887999999999987,,,,,
1296,10/5/16,,,,,,12.883999999999986,,,,,
1297,10/6/16,,,,,,12.875999999999985,,,,,
1298,10/6/16,,,,,,12.871999999999986,,,,,
1299,10/7/16,,,,,,12.865999999999985,,,,,
1300,10/7/16,,,,,,12.859999999999985,,,,,
1301,10/10/16,,,,,,12.855999999999986,,,,,
1302,10/10/16,,,,,,12.855999999999986,,,,,
1303,10/11/16,,,,,,12.857999999999986,,,,,
1304,10/11/16,,,,,,12.86199999999999,,,,,
1305,10/12/16,,,,,,12.86599999999999,,,,,
1306,10/12/16,,,,,,12.867999999999991,,,,,
1307,10/13/16,,,,,,12.869999999999994,,,,,
1308,10/13/16,,,,,,12.869999999999994,,,,,
1309,10/14/16,,,,,,12.86599999999999,,,,,
1310,10/14/16,,,,,,12.86199999999999,,,,,
1311,10/17/16,,,,,,12.857999999999986,,,,,
1312,10/17/16,,,,,,12.853999999999985,,,,,
1313,10/18/16,,,,,,12.855999999999984,,,,,
1314,10/18/16,,,,,,12.861999999999984,,,,,
1315,10/19/16,,,,,,12.863999999999985,,,,,
1316,10/19/16,,,,,,12.865999999999985,,,,,
1317,10/20/16,,,,,,12.869999999999987,,,,,
1318,10/20/16,,,,,,12.86799999999999,,,,,
1319,10/21/16,,,,,,12.86999999999999,,,,,
1320,10/21/16,,,,,,12.87599999999999,,,,,
1321,10/24/16,,,,,,12.89599999999999,,,,,
1322,10/25/16,,,,,,12.917999999999989,,,,,
1323,10/26/16,,,,,,12.939999999999989,,,,,
1324,10/27/16,,,,,,12.95799999999999,,,,,
1325,10/28/16,,,,,,12.977999999999989,,,,,
1326,10/31/16,,,,,,12.983999999999986,,,,,
1327,11/1/16,,,,,,12.985999999999985,,,,,
1328,11/2/16,,,,,,12.983999999999984,,,,,
1329,11/3/16,,,,,,12.981999999999982,,,,,
1330,11/4/16,,,,,,12.971999999999984,,,,,
1331,11/7/16,,,,,,12.961999999999984,,,,,
1332,11/8/16,,,,,,12.949999999999985,,,,,
1333,11/9/16,,,,,,12.925999999999984,,,,,
1334,11/10/16,,,,,,12.895999999999987,,,,,
1335,11/11/16,,,,,,12.879999999999987,,,,,
1336,11/14/16,,,,,,12.867999999999986,,,,,
1337,11/15/16,,,,,,12.859999999999985,,,,,
1338,11/17/16,,,,,,12.867999999999986,,,,,
1339,11/18/16,,,,,,12.881999999999987,,,,,
1340,11/21/16,,,,,,12.887999999999987,,,,,
1341,11/22/16,,,,,,12.875999999999987,,,,,
1342,11/23/16,,,,,,12.861999999999986,,,,,
1343,11/24/16,,,,,,12.847999999999988,,,,,
1344,11/25/16,,,,,,12.833999999999989,,,,,
1345,11/28/16,,,,,,12.82399999999999,,,,,
1346,11/29/16,,,,,,12.825999999999988,,,,,
1347,11/30/16,,,,,,12.821999999999985,,,,,
1348,12/1/16,,,,,,12.817999999999984,,,,,
1349,12/2/16,,,,,,12.813999999999982,,,,,
1350,12/5/16,,,,,,12.80599999999998,,,,,
1351,12/6/16,,,,,,12.803999999999983,,,,,
1352,12/7/16,,,,,,12.807999999999984,,,,,
1353,12/8/16,,,,,,12.809999999999985,,,,,
1354,12/9/16,,,,,,12.811999999999987,,,,,
1355,12/12/16,,,,,,12.809999999999988,,,,,
1356,12/13/16,,,,,,12.803999999999991,,,,,
1357,12/14/16,,,,,,12.803999999999991,,,,,
1358,12/15/16,,,,,,12.815999999999992,,,,,
1359,12/16/16,,,,,,12.827999999999992,,,,,
1360,12/19/16,,,,,,12.849999999999994,,,,,
1361,12/20/16,,,,,,12.871999999999996,,,,,
1362,12/21/16,,,,,,12.885999999999996,,,,,
1363,12/22/16,,,,,,12.891999999999996,,,,,
1364,12/23/16,,,,,,12.897999999999996,,,,,
1365,1/2/17,,,,,,,,,,,
1366,1/3/17,,,,,,,,,,,
1367,1/4/17,,,,,,,,,,,
1368,1/5/17,,,,,,,,,,,
1369,1/6/17,,,,,,,,13.366,,,
1370,1/9/17,,,,,,,,13.418000000000001,,,
1371,1/10/17,,,,,,,,13.464000000000002,,,
1372,1/11/17,,,,,,,,13.498000000000001,,,
1373,1/12/17,,,,,,,,13.520000000000001,,,
1374,1/13/17,,,,,,,,13.548000000000002,,,
1375,1/16/17,,,,,,,,13.565999999999999,,,
1376,1/17/17,,,,,,,,13.578,,,
1377,1/18/17,,,,,,,,13.584,,,
1378,1/19/17,,,,,,,,13.584,,,
1379,1/20/17,,,,,,,,13.582000000000003,,,
1380,1/23/17,,,,,,,,13.576000000000004,,,
1381,1/24/17,,,,,,,,13.576000000000004,,,
1382,1/25/17,,,,,,,,13.614000000000004,,,
1383,1/26/17,,,,,,,,13.654000000000005,,,
1384,1/27/17,,,,,,,,13.690000000000003,,,
1385,1/30/17,,,,,,,,13.736,,,
1386,1/31/17,,,,,,,,13.778,,,
1387,2/1/17,,,,,,,,13.780000000000001,,,
1388,2/2/17,,,,,,,,13.784,,,
1389,2/3/17,,,,,,,,13.782000000000002,,,
1390,2/6/17,,,,,,,,13.774000000000004,,,
1391,2/7/17,,,,,,,,13.764000000000005,,,
1392,2/8/17,,,,,,,,13.758000000000004,,,
1393,2/9/17,,,,,,,,13.752000000000004,,,
1394,2/10/17,,,,,,,,13.748000000000001,,,
1395,2/13/17,,,,,,,,13.744,,,
1396,2/14/17,,,,,,,,13.746,,,
1397,2/15/17,,,,,,,,13.746,,,
1398,2/16/17,,,,,,,,13.748000000000001,,,
1399,2/17/17,,,,,,,,13.746000000000004,,,
1400,2/20/17,,,,,,,,13.744000000000005,,,
1401,2/21/17,,,,,,,,13.742000000000004,,,
1402,2/22/17,,,,,,,,13.744000000000005,,,
1403,2/23/17,,,,,,,,13.742000000000004,,,
1404,2/24/17,,,,,,,,13.744000000000003,,,
1405,2/27/17,,,,,,,,13.746,,,
1406,2/28/17,,,,,,,,13.734,,,
1407,3/1/17,,,,,,,,13.7,,,
1408,3/2/17,,,,,,,,13.674000000000001,,,
1409,3/3/17,,,,,,,,13.648000000000001,,,
1410,3/6/17,,,,,,,,13.638000000000002,,,
1411,3/7/17,,,,,,,,13.646000000000004,,,
1412,3/8/17,,,,,,,,13.676000000000002,,,
1413,3/9/17,,,,,,,,13.700000000000003,,,
1414,3/10/17,,,,,,,,13.724000000000004,,,
1415,3/13/17,,,,,,,,13.726000000000004,,,
1416,3/14/17,,,,,,,,13.720000000000004,,,
1417,3/15/17,,,,,,,,13.714000000000008,,,
1418,3/16/17,,,,,,,,13.708000000000007,,,
1419,3/17/17,,,,,,,,13.712000000000007,,,
1420,3/20/17,,,,,,,,13.718000000000007,,,
1421,3/21/17,,,,,,,,13.720000000000008,,,
1422,3/22/17,,,,,,,,13.726000000000004,,,
1423,3/23/17,,,,,,,,13.736000000000004,,,
1424,3/24/17,,,,,,,,13.738000000000005,,,
1425,3/27/17,,,,,,,,13.754000000000005,,,
1426,3/28/17,,,,,,,,13.774000000000006,,,
1427,3/29/17,,,,,,,,13.788000000000007,,,
1428,3/30/17,,,,,,,,13.800000000000008,,,
1429,3/31/17,,,,,,,,13.810000000000008,,,
1430,4/3/17,,,,,,,,13.806000000000006,,,
1431,4/4/17,,,,,,,,13.800000000000006,,,
1432,4/24/17,,,,,,,,13.898000000000005,,,
1433,4/25/17,,,,,,,,13.996000000000004,,,
1434,4/27/17,,,,,,,,14.108000000000004,,,
1435,4/28/17,,,,,,,,14.226000000000004,,,
1436,5/2/17,,,,,,,,14.316000000000006,,,
1437,5/3/17,,,,,,,,14.296000000000006,,,
1438,5/4/17,,,,,,,,14.278000000000006,,,
1439,5/5/17,,,,,,,,14.232000000000005,,,
1440,5/10/17,,,,,,,,14.172000000000006,,,
1441,5/16/17,,,,,,,,14.156000000000006,,,
1442,5/17/17,,,,,,,,14.148000000000005,,,
1443,5/18/17,,,,,,,,14.148000000000001,,,
1444,5/19/17,,,,,,,,14.162000000000003,,,
1445,5/22/17,,,,,,,,14.188000000000002,,,
1446,5/23/17,,,,,,,,14.202000000000002,,,
1447,5/24/17,,,,,,,,14.214000000000002,,,
1448,6/1/17,,,,,,,,14.225999999999999,,,
1449,6/2/17,,,,,,,,14.239999999999998,,,
1450,6/5/17,,,,,,,,14.251999999999999,,,
1451,6/6/17,,,,,,,,14.255999999999997,,,
1452,6/7/17,,,,,,,,14.259999999999996,,,
1453,6/8/17,,,,,,,,14.249999999999996,,,
1454,6/9/17,,,,,,,,14.243999999999996,,,
1455,6/12/17,,,,,,,,14.239999999999998,,,
1456,6/13/17,,,,,,,,14.248,,,
1457,6/14/17,,,,,,,,14.262,,,
1458,6/15/17,,,,,,,,14.284,,,
1459,6/16/17,,,,,,,,14.3,,,
1460,6/19/17,,,,,,,,14.328,,,
1461,6/26/17,,,,,,,,14.382,,,
1462,6/27/17,,,,,,,,14.441999999999998,,,
1463,6/28/17,,,,,,,,14.498,,,
1464,6/29/17,,,,,,,,14.59,,,
1465,6/30/17,,,,,,,,14.680000000000001,,,
1466,7/3/17,,,,,,,,14.738000000000003,,,
1467,7/4/17,,,,,,,,14.784000000000002,,,
1468,7/5/17,,,,,,,,14.840000000000003,,,
1469,7/6/17,,,,,,,,14.868000000000006,,,
1470,7/7/17,,,,,,,,14.930000000000007,,,
1471,7/10/17,,,,,,,,14.994000000000005,,,
1472,7/11/17,,,,,,,,15.108000000000004,,,
1473,7/12/17,,,,,,,,15.192000000000004,,,
1474,7/13/17,,,,,,,,15.258000000000004,,,
1475,7/14/17,,,,,,,,15.280000000000005,,,
1476,7/17/17,,,,,,,,15.300000000000006,,,
1477,7/18/17,,,,,,,,15.308000000000007,,,
1478,7/19/17,,,,,,,,15.336000000000007,,,
1479,7/20/17,,,,,,,,15.374000000000006,,,
1480,7/21/17,,,,,,,,15.382000000000005,,,
1481,7/24/17,,,,,,,,15.380000000000004,,,
1482,7/25/17,,,,,,,,15.342000000000004,,,
1483,7/26/17,,,,,,,,15.300000000000002,,,
1484,7/27/17,,,,,,,,15.258000000000001,,,
1485,7/28/17,,,,,,,,15.250000000000004,,,
1486,7/31/17,,,,,,,,15.254000000000001,,,
1487,8/1/17,,,,,,,,15.24,,,
1488,8/2/17,,,,,,,,15.222000000000003,,,
1489,8/3/17,,,,,,,,15.154000000000005,,,
1490,8/4/17,,,,,,,,15.098000000000004,,,
1491,8/7/17,,,,,,,,15.044000000000006,,,
1492,8/8/17,,,,,,,,14.992000000000008,,,
1493,8/9/17,,,,,,,,14.942000000000007,,,
1494,8/10/17,,,,,,,,14.934000000000006,,,
1495,8/11/17,,,,,,,,14.910000000000005,,,
1496,8/14/17,,,,,,,,14.876000000000005,,,
1497,8/15/17,,,,,,,,14.856000000000005,,,
1498,8/16/17,,,,,,,,14.842000000000004,,,
1499,8/17/17,,,,,,,,14.830000000000004,,,
1500,8/18/17,,,,,,,,14.822000000000006,,,
1501,8/21/17,,,,,,,,14.820000000000007,,,
1502,8/22/17,,,,,,,,14.854000000000008,,,
1503,8/23/17,,,,,,,,14.91800000000001,,,
1504,8/24/17,,,,,,,,14.98800000000001,,,
1505,8/25/17,,,,,,,,15.080000000000013,,,
1506,8/28/17,,,,,,,,15.162000000000011,,,
1507,8/29/17,,,,,,,,15.218000000000012,,,
1508,8/30/17,,,,,,,,15.25200000000001,,,
1509,8/31/17,,,,,,,,15.294000000000008,,,
1510,9/1/17,,,,,,,,15.322000000000008,,,
1511,9/4/17,,,,,,,,15.360000000000008,,,
1512,9/5/17,,,,,,,,15.410000000000007,,,
1513,9/6/17,,,,,,,,15.444000000000006,,,
1514,9/7/17,,,,,,,,15.448000000000004,,,
1515,9/8/17,,,,,,,,15.428000000000006,,,
1516,9/14/17,,,,,,,,15.390000000000006,,,
1517,9/15/17,,,,,,,,15.348000000000008,,,
1518,9/18/17,,,,,,,,15.320000000000007,,,
1519,9/19/17,,,,,,,,15.30200000000001,,,
1520,9/20/17,,,,,,,,15.27600000000001,,,
1521,9/21/17,,,,,,,,15.28000000000001,,,
1522,9/22/17,,,,,,,,15.27200000000001,,,
1523,9/25/17,,,,,,,,15.250000000000009,,,
1524,9/26/17,,,,,,,,15.24600000000001,,,
1525,9/27/17,,,,,,,,15.27200000000001,,,
1526,9/28/17,,,,,,,,15.276000000000007,,,
1527,9/29/17,,,,,,,,15.274000000000006,,,
1528,10/2/17,,,,,,,,15.284000000000006,,,
1529,10/3/17,,,,,,,,15.286000000000007,,,
1530,10/4/17,,,,,,,,15.276000000000005,,,
1531,10/5/17,,,,,,,,15.272000000000006,,,
1532,10/6/17,,,,,,,,15.272000000000006,,,
1533,10/9/17,,,,,,,,15.268000000000006,,,
1534,10/10/17,,,,,,,,15.266000000000005,,,
1535,10/11/17,,,,,,,,15.272000000000006,,,
1536,10/12/17,,,,,,,,15.286000000000007,,,
1537,10/13/17,,,,,,,,15.304000000000007,,,
1538,10/16/17,,,,,,,,15.334000000000009,,,
1539,10/17/17,,,,,,,,15.36400000000001,,,
1540,10/18/17,,,,,,,,15.384000000000011,,,
1541,10/19/17,,,,,,,,15.39000000000001,,,
1542,10/20/17,,,,,,,,15.372000000000009,,,
1543,10/23/17,,,,,,,,15.330000000000009,,,
1544,10/24/17,,,,,,,,15.28400000000001,,,
1545,10/25/17,,,,,,,,15.250000000000009,,,
1546,10/26/17,,,,,,,,15.23200000000001,,,
1547,10/27/17,,,,,,,,15.246000000000013,,,
1548,10/30/17,,,,,,,,15.284000000000015,,,
1549,10/31/17,,,,,,,,15.340000000000014,,,
1550,11/1/17,,,,,,,,15.386000000000015,,,
1551,11/2/17,,,,,,,,15.404000000000014,,,
